POLITICAL_UNIT,NAME,WGMS_ID,YEAR,HIGHEST_ELEVATION,MEDIAN_ELEVATION,LOWEST_ELEVATION,ELEVATION_UNC,LENGTH,LENGTH_UNC,AREA,AREA_UNC,SURVEY_DATE
AQ,BAHIA DEL DIABLO,2665,2004,630,390,50,0.5,7.6,0.01,,,20040201
AQ,BAHIA DEL DIABLO,2665,2010,630,390,50,0.5,7.6,0.01,14.3,,20100228
AQ,BAHIA DEL DIABLO,2665,2014,630,390,50,0.5,7.6,0.01,12.9,0.23,20140301
AQ,BAHIA DEL DIABLO,2665,2015,630,390,50,0.5,7.6,0.01,12.9,0.23,20150226
AQ,BAHIA DEL DIABLO,2665,2016,630,390,50,1,7.6,0.01,12.9,0.23,20160228
AQ,DAVIES DOME,10404,2006,515,368,124,1,3.43,,4.94,0.01,20069999
AQ,WHISKY GLACIER (IJR-45),10403,2006,520,341,215,1,3.19,,2.4,0.01,20069999
AR,AGUA NEGRA,4532,2000,5208,,4752,5,2.19,0.01,1.21,0.05,20000220
AR,AGUA NEGRA,4532,2006,5208,,4752,5,2.15,0.01,1.13,0.05,20061222
AR,AGUA NEGRA,4532,2010,5208,5015,4753,5,2.12,0.01,1.05,0.05,20100414
AR,AGUA NEGRA,4532,2013,5208,,4754,5,2.05,0.01,1.02,0.05,20130409
AR,AGUA NEGRA,4532,2016,5208,,4760,5,2.02,0.01,0.98,0.05,20160331
AR,ALFA,10453,2010,5590,,4632,10,1.987,0.03,1.0561,0.1,20100323
AR,ALFA,10453,2017,5337,,4615,10,1.722,0.03,0.9691,0.1,20170331
AR,ALTO DEL PLOMO,922,2010,5195,5015,3888,10,8.757,0.03,15.3374,0.1,20100323
AR,ALTO DEL PLOMO,922,2017,5195,,3881,10,8.757,0.03,15.2184,0.1,20170331
AR,AZUFRE,2851,2005,3700,3350,2850,20,3.5,0.05,3.87,,20050125
AR,AZUFRE,2851,2007,3700,3350,2850,50,3.5,0.05,,,20070320
AR,AZUFRE,2851,2009,3700,3350,2850,20,3.5,0.05,,,20050125
AR,AZUFRE,2851,2010,3978,,2973,10,3.455,0.03,3.9396,,20100327
AR,AZUFRE,2851,2016,3978,,3067,10,3,0.03,3.07,,20160319
AR,BAJO DEL PLOMO,10455,2010,5244,,4124,10,7.591,0.03,17.3078,0.1,20100323
AR,BAJO DEL PLOMO,10455,2017,5232,,4124,10,7.468,0.03,16.4262,0.1,20170331
AR,BETA,10454,2010,5800,,4052,10,3.63,0.03,2.2789,0.1,20100323
AR,BETA,10454,2017,5805,,4060,10,3.504,0.03,2.1759,0.1,20170331
AR,BROWN SUPERIOR,3903,2015,5115,5060,4965,5,0.57,0.005,0.1751,0.0001,20150503
AR,CAMISA,3591,2007,5950,5000,3950,50,6.69,0.05,,,20070302
AR,CAMISA,3591,2017,5955,,3934,10,6.6,0.03,22.47,0.1,20170406
AR,CANITO,4529,2009,5155,5039,4865,10,1.618,0.01,0.84,0.01,20090204
AR,CANON HISPANO,3592,2007,5150,5000,3950,50,6.29,0.05,,,20070302
AR,COBRE,10457,2011,3892,,3000,10,4.091,0.03,5.68,,20110408
AR,COBRE,10457,2016,3892,,3451,10,3.815,0.03,5.16,,20160319
AR,CONCONTA NORTE,3902,2015,5125,5050,4950,5,0.52,0.01,0.0704,0.0001,20150506
AR,DE LOS TRES,1675,2000,1960,,1195,5,1.619,0.03,0.9153,0.1,20000113
AR,DE LOS TRES,1675,2005,1960,,1195,5,1.558,0.03,0.9018,0.1,20050218
AR,DE LOS TRES,1675,2011,1960,,1195,5,1.513,0.03,0.8784,0.1,20110220
AR,DE LOS TRES,1675,2013,1960,,1195,5,1.484,0.01,0.8078,0.1,20130412
AR,DE LOS TRES,1675,2015,1960,,1195,5,1.462,0.01,0.8002,0.1,20150114
AR,DE LOS TRES,1675,2018,1960,,1205,10,,,0.753,0.01,20180314
AR,DE LOS TRES,1675,2019,1853,,1228,10,,,0.732,0.01,20190330
AR,GRANDE DEL NEVADO DEL PLOMO,3304,2010,5512,4430,3505,10,8.22,0.03,3.4106,0.1,20100323
AR,GUSSFELDT,2848,2005,5300,4950,4310,20,6.57,0.05,14.67,,20050125
AR,GUSSFELDT,2848,2007,5564,,4384,10,6.346,0.03,12.79,,20070320
AR,GUSSFELDT,2848,2009,5300,4950,4310,20,6.57,0.05,,,20050125
AR,GUSSFELDT,2848,2010,5564,4979,4384,10,6.35,0.03,11.98,,20100327
AR,GUSSFELDT,2848,2013,5564,,4384,10,6.34,0.03,11.27,,20130402
AR,GUSSFELDT,2848,2015,5564,,4384,10,6.34,0.03,11.09,,20150318
AR,GUSSFELDT,2848,2017,5564,,4384,10,6.34,0.03,11.04,,20170306
AR,HORCONES INFERIOR,919,2005,4825,4100,3475,20,12.15,0.05,6.17,,20050125
AR,LOS AMARILLOS,3904,2009,5535,5280,4592,10,1.622,0.01,1.07,0.01,20090204
AR,LOS AMARILLOS,3904,2015,5535,5275,4915,5,1.53,0.01,0.7796,0.0001,20150399
AR,MARMOLEJO,3590,2007,5950,5300,3400,50,9.72,0.05,,,20070302
AR,MARMOLEJO,3590,2017,6083,,3420,10,9.5,0.03,10.75,0.1,20170406
AR,MARTIAL,917,2002,1170,1050,940,10,,,,,20030425
AR,MARTIAL,917,2003,1170,1050,940,10,0.45,10,,,20040414
AR,MARTIAL ESTE,2000,2011,1180,1074,965,10,0.35,0.01,,,20110330
AR,PENON,2850,2005,4100,3650,3180,20,3.1,0.05,4.42,,20050125
AR,PENON,2850,2007,4100,3650,3180,50,3.19,0.05,,,20070320
AR,PENON,2850,2009,4100,3650,3180,20,3.1,0.05,,,20050125
AR,PENON,2850,2010,4063,,3123,10,1.918,0.03,3.54,,20100327
AR,PENON,2850,2016,4063,,3313,10,1.478,0.03,2.79436,,20160319
AR,PILOTO ESTE,3589,2010,4715,4500,4285,10,1.29,0.01,0.54,0.01,20130412
AR,POTRERILLOS,4530,2009,5365,5270,5165,10,0.506,0.01,0.25,0.01,20090204
AR,SALINILLAS,3594,2007,5500,4300,3275,50,6.84,0.05,,,20070302
AR,SAN JOSE,3593,2007,5700,4600,3500,50,5.59,0.05,,,20070302
AR,SAN JOSE,3593,2017,5550,,3253,10,6.9,0.03,9.33,0.1,20170406
AR,TORTOLAS,4531,2010,6055,5710,5300,10,1.652,0.01,2.19,0.01,20100414
AR,TUPUNGATO,4528,2010,6529,5297,4399,10,7.342,0.03,11.61,0.1,20100323
AR,TUPUNGATO,4528,2017,6536,,4423,10,7.281,0.03,11.48,0.1,20170331
AR,TUPUNGATO 01,2852,2005,6600,5300,4380,50,8.07,0.05,,,20060125
AR,TUPUNGATO 01,2852,2007,6600,5300,4380,50,8.06,0.05,,,20070320
AR,TUPUNGATO 01,2852,2009,6600,5300,4380,50,8.06,0.05,,,20070320
AR,TUPUNGATO 02,2853,2005,6100,5100,4600,50,3.34,0.05,,,20070125
AR,TUPUNGATO 02,2853,2007,6100,5100,4600,50,3.34,0.05,,,20070320
AR,TUPUNGATO 02,2853,2009,6100,5100,4600,50,3.34,0.05,,,20070320
AR,TUPUNGATO 03,2854,2005,6400,5650,4650,50,2.99,0.05,,,20080125
AR,TUPUNGATO 03,2854,2007,6400,5650,4625,50,2.99,0.05,,,20070320
AR,TUPUNGATO 03,2854,2009,6400,5650,4625,50,2.99,0.05,,,20070320
AR,TUPUNGATO 04,2855,2005,6450,6050,4800,50,3.28,0.05,,,20090125
AR,TUPUNGATO 04,2855,2007,6450,6050,4775,50,3.28,0.05,,,20070320
AR,TUPUNGATO 04,2855,2009,6450,6050,4775,50,3.28,0.05,,,20070320
AR,VACAS,2849,2005,5400,4700,3730,20,6.08,0.05,18.23,,20050125
AR,VACAS,2849,2007,5478,,3868,10,5.594,0.03,18.41996,,20070320
AR,VACAS,2849,2009,5400,4700,3730,20,6.08,0.05,,,20050125
AR,VACAS,2849,2010,5478,4787,3890,10,5.149,0.03,17.25,,20100327
AR,VACAS,2849,2013,5478,,3896,10,5.082,0.03,17.28,,20130402
AR,VACAS,2849,2015,5478,,3896,10,5.048,0.03,17.03,,20150318
AR,VACAS,2849,2017,5478,,4014,10,5.018,0.03,16.89,,20170306
AT,FURTSCHAGL K.,585,2009,3468,2928,2624,3,,,,,20090923
AT,GRUENAU F.,599,2009,3411,2958,2388,3,,,,,20090923
AT,HINTEREIS F.,491,2001,3722,3054,2429,2,6.942,0.005,8.022,0.02,20011011
AT,HINTEREIS F.,491,2002,3722,3055,2430,2,6.923,0.005,7.861,0.02,20020918
AT,HINTEREIS F.,491,2003,3719,3056,2430,2,6.895,0.005,7.664,0.02,20030926
AT,HINTEREIS F.,491,2004,3716,3057,2431,2,6.891,0.005,7.605,0.02,20041005
AT,HINTEREIS F.,491,2005,3716,3057,2431,2,6.853,0.005,7.51,0.02,20051012
AT,HINTEREIS F.,491,2006,3715,3057,2434,2,6.809,0.005,7.383,0.02,20061008
AT,HINTEREIS F.,491,2007,3715,3058,2443,2,6.736,0.005,7.276,0.02,20071011
AT,HINTEREIS F.,491,2008,3714,3058,2449,2,6.682,0.005,7.148,0.02,20080909
AT,HINTEREIS F.,491,2009,3713,3059,2452,2,6.649,0.005,7.048,0.02,20090930
AT,HINTEREIS F.,491,2010,3712,3060,2454,2,6.575,0.005,6.879,0.02,20101008
AT,HINTEREIS F.,491,2011,3710,3061,2458,2,6.554,0.005,6.782,0.02,20111004
AT,HINTEREIS F.,491,2013,3715,3064,2453,0.1,6.56,0.01,6.659,0.001,20130904
AT,HINTEREIS F.,491,2014,3715,3064,2453,10,6.56,0.05,6.659,0.01,20130904
AT,HINTEREIS F.,491,2018,3739,3072,2460,1,6.4,0.05,6.224,0.001,20189999
AT,HORN K. (ZILLER),589,2009,3217,2819,2119,3,,,,,20090923
AT,KESSELWAND F.,507,2013,3493,3190,2851,0.1,3.58,0.01,3.608,0.001,20130904
AT,KESSELWAND F.,507,2018,3497,3196,2890,1,3.7,0.05,3.549,0.001,20189999
AT,SCHLEGEIS K.,586,2009,3480,2858,2485,3,,,,,20090923
AT,SCHWARZENSTEIN,588,2009,3228,2907,2327,3,,,,,20090923
AT,SULZENAU F.,600,2009,3491,3161,2476,3,,,,,20090923
AT,SULZENAU F. STUBE,1454,2009,3204,2928,2496,3,,,,,20090923
AT,VERNAGT F.,489,2016,3585,3149,2858,5,,,7.155,0.01,20160929
AT,VERNAGT F.,489,2018,3585,3152,2865,5,,,6.898,0.01,20180919
AT,WAXEGG K.,590,2009,3327,2848,2424,3,,,,,20090923
BO,CHACALTAYA,1505,2000,5357,5227,5141,10,0.544,0.01,0.051,,20000926
BO,CHACALTAYA,1505,2001,5357,5227,5141,10,0.539,0.01,0.044,,20010906
BO,CHACALTAYA,1505,2002,5357,5230,5142,10,0.538,0.01,0.042,,20021105
BO,CHACALTAYA,1505,2003,5357,5223,5143,10,0.526,0.01,0.036,,20031002
BO,CHACALTAYA,1505,2004,5352,5228,5168,10,0.446,0.01,0.027,,20040916
BO,CHACALTAYA,1505,2005,5346,5274,5214,10,0.305,0.01,0.01,,20051116
BO,CHACALTAYA,1505,2006,5343,5275,5219,1,0.255,0.005,0.0071922,,20069999
BO,CHACALTAYA,1505,2007,5336,5285,5224,1,0.222,0.005,0.0030829,,20079999
BO,CHACALTAYA,1505,2008,5330,5290,5230,1,0.206,0.005,0.0040429,,20080901
BO,CHARQUINI SUR,2667,2003,5334,5100,4942,10,0.572,0.001,0.3523,,20030901
BO,CHARQUINI SUR,2667,2004,5334,5100,4945,10,0.544,0.001,0.3967,,20040901
BO,CHARQUINI SUR,2667,2005,5334,5100,4965,10,0.544,0.001,0.3819,,20050901
BO,CHARQUINI SUR,2667,2006,5334,5130,5010,1,0.478,0.005,0.3541459,,20060901
BO,CHARQUINI SUR,2667,2007,5334,5140,5020,1,0.46,0.005,0.335922,,20070901
BO,CHARQUINI SUR,2667,2008,5334,5143,5025,1,0.46,0.005,0.33592,,20080901
BO,CHARQUINI SUR,2667,2009,5334,5143,5030,1,0.46,0.005,0.335922,,20090929
BO,CHARQUINI SUR,2667,2010,5334,5143,5030,1,0.46,0.005,0.335922,,20109999
BO,CHARQUINI SUR,2667,2012,5334,5143,5030,1,0.46,0.005,,,20120920
BO,CHARQUINI SUR,2667,2013,5334,5143,5030,1,0.448,0.005,,,20130924
BO,CHARQUINI SUR,2667,2014,5334,5143,,1,,,,,
BO,CHARQUINI SUR,2667,2016,5384,5205,5026,1,0.289,0.1,,,20160817
BO,CHARQUINI SUR,2667,2017,5384,5209,5034,1,0.2821571,0.1,,,20170821
BO,CHARQUINI SUR,2667,2018,5384,5209,5034,1,,,,,20181001
BO,ZONGO,1503,2000,5795,,4843,10,2.95,0.01,1.9667,,20000901
BO,ZONGO,1503,2001,5795,,4842,10,2.938,0.01,1.9517,,20010901
BO,ZONGO,1503,2002,5795,,4843,10,2.933,0.01,1.9477,,20020901
BO,ZONGO,1503,2003,5795,,4842,10,2.915,0.01,1.9301,,20030901
BO,ZONGO,1503,2004,5795,,4843,10,2.88,0.01,1.9192,,20040901
BO,ZONGO,1503,2005,5795,,4844,10,2.875,0.01,1.8857,,20050901
BO,ZONGO,1503,2006,6000,5430,4932,1,2.9,0.005,,,20060901
BO,ZONGO,1503,2007,6000,5450,4915,1,2.2,0.005,1.870738,,20070901
BO,ZONGO,1503,2008,6000,5420,4910,1,2.2,0.005,1.865,,20080901
BO,ZONGO,1503,2009,6000,5420,4915,1,2.75,0.005,1.926129,,20090929
BO,ZONGO,1503,2010,6000,5420,4915,1,2.75,0.005,1.909685,,20100924
BO,ZONGO,1503,2012,6000,5420,4915,1,2.75,0.005,,,20120920
BO,ZONGO,1503,2013,6000,5420,4915,1,2.735,0.005,,,20130918
BO,ZONGO,1503,2014,6000,5420,,1,,,,,
BO,ZONGO,1503,2015,6109,,4939,1,2.7,0.1,,,20150916
BO,ZONGO,1503,2016,6107,5511,4914,1,1.827,0.1,,,20160816
BO,ZONGO,1503,2017,6107,5511,4914,1,1.824805,0.1,,,20170927
BO,ZONGO,1503,2018,6107,5486,4865,1,1.818958,0.1,,,20181003
CA,CASTLE CREEK,3349,2008,2825,2425,1810,5,5.85,0.005,,,20080912
CA,CONRAD,10498,2016,3235,2588,1825,10,7.7,0.1,11.35,0.05,20160912
CA,ILLECILLEWAET,1400,2016,2908,2516,2147,10,4.3,0.1,7.69,0.05,20160912
CA,KOKANEE,23,2016,2805,2586,2220,10,1.4,0.1,1.78,0.05,20160913
CA,NORDIC,10497,2016,2990,2512,2065,10,2,0.1,3.39,0.05,20160912
CA,WHITE,0,2014,1782,,88,10,14,0.25,38.54,0.1,20140710
CA,ZILLMER,10496,2016,2860,2372,1860,10,3.6,0.1,5.43,0.05,20160914
CH,ADLER,3801,2010,4119,3465,2972,1,3.06,0.1,2.243787,,20100929
CH,FINDELEN,389,2006,3911,3284,2550,20,7.4,0.3,,,20070807
CH,FINDELEN,389,2010,3937,3322,2562,1,6.86,0.3,13.08149,,20100929
CH,PIZOL,417,2006,2786,2682,2611,1,0.4,0.02,,,20060905
CH,PIZOL,417,2010,2779,2683,2613,1,0.39,0.02,,,20100901
CH,"PLAINE MORTE, GLACIER DE LA ",4630,2011,2953,2725,2468,1,3.7,0.2,,,20110801
CH,TSANFLEURON,371,2006,2945,2768,2497,5,3,0.2,,,20060901
CL,AMARILLO,3905,2015,5315,5180,5160,5,0.55,0.005,0.1728,0.0001,20150399
CL,GUANACO,3983,2010,5350,5168,4985,10,2.389,,1.762,,20100730
CL,GUANACO,3983,2011,5350,5168,4985,10,,,1.783,,20110730
CL,GUANACO,3983,2012,5350,5168,4985,10,2.355,,1.678,,20120730
CL,GUANACO,3983,2013,5350,5168,4985,10,2.343,,1.695,,20130730
CL,GUANACO,3983,2014,5350,5168,4985,10,2.353,,1.637,,20140730
CN,LAPATE NO.51,842,2000,4049,3640,3400,0.1,1.7,,,,20000901
CN,PARLUNG NO. 94,3987,2006,5635,5348,5061,10,2.9,0.025,,,20060619
CN,PARLUNG NO. 94,3987,2007,5635,5350,5064,10,2.9,0.025,,,20070605
CN,PARLUNG NO. 94,3987,2008,5635,5351,5067,10,2.9,0.025,,,20080728
CN,PARLUNG NO. 94,3987,2009,5635,5353,5070,10,2.9,0.025,,,20090602
CN,PARLUNG NO. 94,3987,2010,5635,5352,5072,10,2.9,0.025,,,20100714
CN,PARLUNG NO. 94,3987,2011,5635,5354,5074,10,2.9,0.025,,,20110711
CN,PARLUNG NO. 94,3987,2012,5635,5355,5076,10,2.9,0.025,,,20120803
CN,PARLUNG NO. 94,3987,2013,5635,5358,5080,10,2.9,0.025,,,20131005
CN,PARLUNG NO. 94,3987,2014,5635,5358,5080,10,2.9,0.025,,,20141002
CN,PARLUNG NO. 94,3987,2015,5635,5358,5080,10,2.9,0.025,,,20150707
CN,PARLUNG NO. 94,3987,2016,5635,5358,5080,10,2.9,0.025,,,20160926
CN,PARLUNG NO. 94,3987,2017,5635,5358,5080,10,2.9,0.025,,,20170903
CN,URUMQI GLACIER NO. 1,853,2001,4486,4040,3736,1,2.2,0.1,1.708,,20010801
CN,URUMQI GLACIER NO. 1,853,2006,4484,4016,3743,10,2,0.001,1.676994,,20060801
CN,URUMQI GLACIER NO. 1,853,2009,4484,4016,3743,10,2.028,0.01,1.644768,,20090801
CN,URUMQI GLACIER NO. 1,853,2012,4482,4066,3787,1,2.075,0.005,1.594,,20120815
CN,URUMQI GLACIER NO. 1 E-BRANCH,1511,2000,4267,3977,3736,0.1,2.18,,1.111,,20000830
CN,URUMQI GLACIER NO. 1 E-BRANCH,1511,2001,4267,3977,3736,1,2.1,0.1,1.101,,20010801
CN,URUMQI GLACIER NO. 1 E-BRANCH,1511,2006,4267,3978,3743,10,2,0.001,1.085993,,20060801
CN,URUMQI GLACIER NO. 1 E-BRANCH,1511,2009,4267,3978,3743,10,2.028,0.01,1.067624,,20090801
CN,URUMQI GLACIER NO. 1 E-BRANCH,1511,2012,4252,4021,3787,1,2.075,0.005,1.021,,20120815
CN,URUMQI GLACIER NO. 1 W-BRANCH,1512,2000,4486,4082,3820,0.1,1.86,,0.622,,20000830
CN,URUMQI GLACIER NO. 1 W-BRANCH,1512,2001,4486,4082,3820,1,1.9,0.1,0.607,,20010801
CN,URUMQI GLACIER NO. 1 W-BRANCH,1512,2006,4484,4087,3845,10,1.8,0.001,0.5910003,,20060801
CN,URUMQI GLACIER NO. 1 W-BRANCH,1512,2009,4484,4087,3845,10,1.714,0.01,0.5771438,,20090801
CN,URUMQI GLACIER NO. 1 W-BRANCH,1512,2012,4482,4121,3883,1,1.816,0.005,0.573,,20120815
CO,ALFOMBRALES,2692,2000,,,4975,0.1,,,,,20000501
CO,CENTRAL,2713,2000,,,4700,0.1,,,,,20001201
CO,CONEJERAS,2721,2000,4900,,4700,0.1,,,,,20001201
CO,CONEJERAS,2721,2008,4900,4804,4670,5,3.3,1.2,,,20081202
CO,CONEJERAS,2721,2009,4900,4834,4710,0.5,1.1,0.0005,0.183982,,20090715
CO,CONEJERAS,2721,2010,4900,4839,4721,0.5,1.1,0.0005,0.220453,,20101203
CO,CONEJERAS,2721,2011,4900,4839,4721,0.5,1.08,0.005,,,20111203
CO,CONEJERAS,2721,2012,4900,4839,4721,0,0.951,0.0005,,,20120613
CO,CONEJERAS,2721,2015,4913,4750,4671,1,0.91,0.01,0.2,0.01,20170122
CO,CONEJERAS,2721,2016,4910,4750,4676,1,0.84,0.01,0.16,0.01,20170122
CO,CONEJERAS,2721,2017,4910,4795,4680,1,0.82,0.01,0.14,0.01,20170122
CO,CONEJERAS,2721,2018,4910,4795,4680,1,0.81,0.01,0.1206,0.01,20180131
CO,EL OSO,2687,2000,,,4910,0.1,,,,,20000501
CO,GUALI,2700,2000,,,5025,0.1,,,,,20000501
CO,LA LISA,2702,2000,,,5100,0.1,,,,,20000501
CO,LAGUNA AZUL,2723,2000,,,4694,0.1,,,,,20001201
CO,MOLINOS,2708,2000,,,5126,0.1,,,,,20000501
CO,NEREIDAS,2709,2000,,,4850,0.1,,,,,20000501
CO,RITACUBA BLANCO,2763,2009,5330,5029,4820,1,1.36,0.05,0.52,0.25,20161130
CO,RITACUBA BLANCO,2763,2010,5330,5029,4820,1,1.36,0.05,0.52,0.25,20161130
CO,RITACUBA BLANCO,2763,2011,5330,5029,4820,1,1.36,0.05,0.52,0.25,20161130
CO,RITACUBA BLANCO,2763,2012,5330,5029,4820,1,1.36,0.05,0.52,0.25,20161130
CO,RITACUBA BLANCO,2763,2013,5330,5029,4820,1,1.36,0.05,0.52,0.25,20161130
CO,RITACUBA BLANCO,2763,2014,5330,5029,4820,1,1.36,0.05,0.52,0.25,20161130
CO,RITACUBA BLANCO,2763,2015,5330,5029,4820,1,1.36,0.05,0.52,0.25,20161130
CO,RITACUBA BLANCO,2763,2016,5330,5029,4820,1,1.36,0.05,0.52,0.25,20161130
CO,RITACUBA BLANCO,2763,2017,5330,5029,4820,1,1.36,0.05,0.52,0.25,20161130
CO,RITACUBA BLANCO,2763,2018,5330,5029,4820,1,1.36,0.05,0.52,0.25,20161130
CO,TRIDENTE,2711,2000,,,4830,0.1,,,,,20000501
DE,HOELLENTAL,348,2006,2569,2356,2202,0.1,0.81,0.001,0.247,,20061101
DE,SCHNEEFERNER N,346,2006,2798,2635,2558,0.1,0.825,0.01,0.307,,20061101
DE,SCHNEEFERNER S,347,2006,2664,2587,2520,0.1,0.593,0.01,0.084,,20071101
EC,ANTIZANA15ALPHA,1624,2000,5760,5288,4816,10,2.006,0.01,0.3654639,,20010115
EC,ANTIZANA15ALPHA,1624,2001,5760,5295,4830,10,1.979,0.01,0.346139,,20011226
EC,ANTIZANA15ALPHA,1624,2002,5760,5297,4833,10,1.964,0.01,0.322613,,20021226
EC,ANTIZANA15ALPHA,1624,2003,5760,5301,4841,10,1.91,0.01,0.3086161,,20031228
EC,ANTIZANA15ALPHA,1624,2004,5760,5306,4852,10,1.883,0.01,0.300207,,20041227
EC,ANTIZANA15ALPHA,1624,2005,5760,5309,4858,10,1.856,0.01,0.282511,,20051201
EC,ANTIZANA15ALPHA,1624,2006,5760,5305,4850,1,1.846,0.01,0.27686,,20061227
EC,ANTIZANA15ALPHA,1624,2007,5760,5306,4852,1,1.84,0.01,0.271322,,20071228
EC,ANTIZANA15ALPHA,1624,2008,5760,5306,4845,1,1.848,0.01,0.287989,,20090104
EC,ANTIZANA15ALPHA,1624,2009,5760,5310,4860,1,1.857,0.01,0.291596,,20100108
EC,ANTIZANA15ALPHA,1624,2010,5760,5309,4858,1,1.864,0.01,0.293113,,20101228
EC,ANTIZANA15ALPHA,1624,2014,5760,5310,4860,1,1.87,0.01,0.291,0.01,20150108
EC,ANTIZANA15ALPHA,1624,2016,5760,,4860,1,1.86,0.01,0.28,0.01,20161227
EC,ANTIZANA15ALPHA,1624,2017,5760,5309,4858,1,1.86,0.01,0.29,0.01,20180104
ES,ALBA,967,2000,3025,2988,2950,30,0.1,0.1,,,20000901
ES,ANETO,943,2000,3240,3095,2950,30,0.82,0.1,,,20000901
ES,ANETO,943,2004,3270,3150,2930,10,0.7,0.02,,,20041003
ES,ANETO,943,2005,3270,3150,2960,10,0.68,0.02,0.73,,20050831
ES,ANETO,943,2008,3300,3150,2920,1,0.68,0.02,,,20080929
ES,BARRANCS,941,2000,3240,3100,2960,30,0.38,0.1,,,20000901
ES,BARRANCS,941,2004,3310,3250,3000,10,0.51,0.02,,,20041003
ES,BARRANCS,941,2005,3310,3250,3015,10,0.5,0.02,0.08,,20050831
ES,CLOT DE HOUNT,960,2000,3150,3075,3000,30,0.15,0.1,,,20000901
ES,CLOT DE HOUNT,960,2004,3020,2970,2940,10,0.14,0.02,,,20040828
ES,CLOT DE HOUNT,960,2005,3020,2970,2940,10,0.12,0.02,0.01,,20050915
ES,CORONAS,970,2000,3200,3125,3050,30,0.18,0.1,,,20000901
ES,CORONAS,970,2004,3215,3180,3125,10,0.14,0.02,,,20041003
ES,CORONAS,970,2005,3215,3180,3140,10,0.12,0.02,0.02,,20050831
ES,INFIERNO E,957,2000,2900,2850,2800,30,0.1,0.1,,,20000901
ES,INFIERNO E,957,2004,2920,2870,2815,10,0.09,0.02,,,20040828
ES,INFIERNO E,957,2005,2920,2870,2815,10,0.09,0.02,0.01,,20050915
ES,INFIERNO W,955,2000,2900,2810,2720,30,0.41,0.1,,,20000901
ES,INFIERNO W,955,2004,2950,2830,2720,10,0.27,0.02,,,20040828
ES,INFIERNO W,955,2005,2950,2830,2720,10,0.27,0.02,0.06,,20050915
ES,LA PAUL,948,2000,3085,3025,2960,30,0.2,0.1,,,20000901
ES,LA PAUL,948,2004,3190,3045,2920,10,0.4,0.02,,,20040828
ES,LA PAUL,948,2005,3190,3030,2930,10,0.39,0.02,0.01,,20050831
ES,LAS FRONDELLAS,952,2004,2925,2870,2820,10,0.9,0.02,,,20040828
ES,LAS FRONDELLAS,952,2005,2925,2870,2820,10,0.9,0.02,0.01,,20050915
ES,LLARDANA,947,2000,3080,2990,2900,30,0.4,0.1,,,20000901
ES,LLARDANA,947,2004,3110,3020,2960,10,0.29,0.02,,,20040828
ES,LLARDANA,947,2005,3110,3020,2970,10,0.28,0.02,0.1,,20050831
ES,LOS GEMELOS,950,2004,3020,2930,2830,10,0.36,0.02,,,20040828
ES,LOS GEMELOS,950,2005,3020,2930,2830,10,0.36,0.02,0.08,,20050831
ES,MALADETA,942,2000,3190,3090,2800,1,0.89,0.02,,,20000808
ES,MALADETA,942,2001,3190,3090,2802,1,0.88,0.02,0.376995,,20010913
ES,MALADETA,942,2002,3190,3090,2815,1,0.84,0.02,0.365829,,20020927
ES,MALADETA,942,2003,3190,3090,2815,1,0.84,0.02,0.354932,,20030918
ES,MALADETA,942,2004,3190,3090,2825,1,0.82,0.02,0.345222,,20040831
ES,MALADETA,942,2005,3190,3090,2845,1,0.77,0.02,0.328267,,20050902
ES,MALADETA,942,2006,3190,3090,2844,1,0.76,0.02,0.312923,,20060917
ES,MALADETA,942,2007,3190,3090,2843,1,0.76,0.02,0.275653,,20071022
ES,MALADETA,942,2008,3190,3090,2843,1,0.76,0.02,0.2917,,20080928
ES,MALADETA,942,2009,3190,3090,2842,1,0.76,0.02,0.276255,,20091014
ES,MALADETA,942,2010,3190,3090,2842,1,0.76,0.02,0.280151,,20101002
ES,MALADETA,942,2011,3190,3090,2842,1,0.76,0.02,,,20110928
ES,MALADETA,942,2014,3190,3090,2842,1,0.76,0.02,0.2501,0.001,20140926
ES,MALADETA,942,2015,3190,3090,2842,1,0.76,0.02,0.2358,0.001,20151023
ES,MALADETA,942,2016,3190,3020,2850,1,0.76,0.02,0.2331,0.001,20160928
ES,MARBORECILINDRO,964,2000,2950,2855,2760,30,0.08,0.1,,,20000901
ES,MARBORECILINDRO,964,2004,3050,2800,2700,10,0.24,0.02,,,20040828
ES,MARBORECILINDRO,964,2005,3040,2800,2700,10,0.21,0.02,0.07,,20050920
ES,PERDIDO INF,966,2000,2910,2825,2740,30,0.4,0.1,,,20000901
ES,PERDIDO INF,966,2004,3090,2950,2750,10,0.38,0.02,,,20040828
ES,PERDIDO INF,966,2005,3090,2950,2760,10,0.36,0.02,0.31,,20050920
ES,PERDIDO SUP,965,2000,3160,3090,3020,30,0.18,0.1,,,20000901
ES,PERDIDO SUP,965,2004,3270,3190,3110,10,0.16,0.02,0.139,,20040828
ES,PERDIDO SUP,965,2005,3260,3190,3110,10,0.13,0.02,0.05,,20050920
ES,POSETS,949,2000,3130,3102,3075,30,0.3,0.1,,,20000901
ES,POSETS,949,2004,3260,3150,3090,10,0.32,0.02,,,20040828
ES,POSETS,949,2005,3170,3130,3090,10,0.23,0.02,0.2,,20050831
ES,PUNTA ZARRA,959,2000,2860,2790,2720,30,0.08,0.1,,,20000901
ES,PUNTA ZARRA,959,2004,2825,2780,2750,10,0.11,0.02,,,20040828
ES,PUNTA ZARRA,959,2005,2825,2790,2770,10,0.08,0.02,0.01,,20050915
ES,TEMPESTADES,968,2000,3050,2985,2920,30,0.3,0.1,,,20000901
ES,TEMPESTADES,968,2004,3190,2980,2880,10,0.3,0.02,,,20041003
ES,TEMPESTADES,968,2005,3190,2980,2890,10,0.28,0.02,0,,20050831
FR,ARGENTIERE,354,2003,3500,2600,1500,2,9,0.01,13.5,,20030920
FR,BLANC,351,2002,4000,3000,2500,3,7,0.01,,,20021003
FR,GEBROULAZ,352,2003,3400,3000,2600,2,3,0.02,,,20030920
FR,MER DE GLACE,353,2003,4100,2700,1800,50,13,0.1,22.7,0.5,20039999
FR,OSSOUE,2867,2005,3210,3000,2750,15,1.5,0.01,,,20050925
FR,SAINT SORLIN,356,2003,3400,2900,2600,2,3,0.01,,,20030920
FR,SARENNES,357,2003,3150,3000,2850,2,1,0.01,,,20030920
FR,SARENNES,357,2014,2960,2905,2848,1,0.6,0.02,0.098,0.01,20141002
GE,ABANO,767,2014,4800,4090,3380,17,2.7,0.009,0.73,0.008,20141020
GE,ADISHI,4551,2014,4860,3673,2485,7,6.9,0.001,9.5,0.001,20141020
GE,ASMASHI,4548,2014,3900,3220,2540,7,4.67,0.001,4.45,0.001,20141020
GE,BOKO,4560,2014,3940,3300,2660,7,4.1,0.001,3.88,0.001,20141020
GE,BUBA,4561,2014,4300,3660,3020,10,3.03,0.003,3.1,0.003,20141020
GE,CHACHI,765,2014,4280,3815,3350,7,2.4,0.002,1.27,0.001,20141020
GE,CHALAATI,1110,2014,3800,2880,1960,7,6.9,0.004,8.59,0.005,20141020
GE,CHANCHAKHI,4562,2014,4000,3545,3090,7,1.61,0.001,0.49,0.001,20141020
GE,DEVDORAKI NORTH,766,2014,4300,3390,2480,20,4.04,0.009,1.58,0.007,20141020
GE,DEVDORAKI SOUTH,4565,2014,4720,3880,3040,15,2.84,0.006,2.41,0.006,20141020
GE,DOLRA,4543,2014,4450,3678,2905,7,5.68,0.001,5.48,0.001,20141020
GE,EDENA BIGGER,4556,2014,3870,3365,2860,7,3.46,0.001,3.52,0.001,20141020
GE,GERGETI,768,2014,4900,4050,3200,10,6.62,0.007,6,0.006,20141020
GE,GULI,4545,2014,3780,3371,2970,7,1.54,0.001,0.54,0.001,20141020
GE,KHALDE,4552,2014,4800,3673,2545,10,7.52,0.003,8.78,0.005,20141020
GE,KIBESHA,772,2014,3600,3445,3290,6,1.27,0.001,0.9,0.001,20141020
GE,KIRTISHO,4559,2014,3840,3253,2655,7,4.76,0.001,4.41,0.001,20141020
GE,KORULDASHI,783,2014,4220,3450,2680,7,2.98,0.001,2.2,0.001,20141020
GE,KVISHI,1109,2014,4740,3795,2850,7,5.85,0.001,7.45,0.001,20141020
GE,KVITLODI,4549,2014,3800,3165,2530,7,6.64,0.001,9.76,0.001,20141020
GE,LABODA,4558,2014,4300,3405,2510,7,2.99,0.001,1.53,0.001,20141020
GE,LAILA,4555,2014,4008,3324,2640,7,4.52,0.001,3.55,0.001,20141020
GE,LEADASHTI NORTH,4541,2014,4060,3600,3140,7,4.02,0.001,3.47,0.001,20141020
GE,LEKHZIRI,1111,2014,4300,3315,2330,10,10.73,0.007,23.26,0.008,20141020
GE,LEKHZIRI CENTRAL,4546,2014,3480,2973,2465,8,4.08,0.001,6.27,0.001,20141020
GE,MARUKHI SOUTH,4537,2014,3320,2905,2490,7,3,0.001,1.68,0.001,20141020
GE,MNA,769,2014,4510,3935,3360,8,2.5,0.002,2.6,0.002,20141020
GE,NAMKVANI,4554,2014,4000,3503,3005,7,2.38,0.001,2.28,0.001,20141020
GE,PSISHI,4536,2014,3120,2893,2665,7,1.53,0.001,0.63,0.001,20141020
GE,SAKENI,4539,2014,3905,3268,2630,7,3.15,0.001,1.96,0.001,20141020
GE,SERI,4547,2014,3730,3205,2680,7,4.25,0.001,4.15,0.001,20141020
GE,SHDAVLERI,4540,2014,3900,3315,2730,7,3.32,0.001,2.31,0.001,20141020
GE,SHKHARA,4553,2014,4480,3510,2540,9,3.78,0.002,3.55,0.003,20141020
GE,SOPRUJU SOUTH,4538,2014,3700,3195,2690,7,2.8,0.001,3.66,0.001,20141020
GE,SUATISI CENTRAL,770,2014,4530,3814,3095,7,3.53,0.001,1.91,0.001,20141020
GE,SUATISI EASTERN,4564,2014,4300,3270,2240,7,4.95,0.001,7.68,0.001,20141020
GE,SUATISI WESTERN,4563,2014,4300,3820,3340,7,2.82,0.001,1.48,0.001,20141020
GE,TBILISA,724,2014,4200,3595,2990,7,2.87,0.001,1.9,0.001,20141020
GE,TSANERI NORTH,774,2014,4100,3560,3020,7,6.31,0.001,11.53,0.001,20141020
GE,TSANERI SOUTH,4550,2014,4300,3413,2525,7,8.62,0.001,12.6,0.001,20141020
GE,USHBA NORTH,4544,2014,3950,3385,2820,11,3.38,0.003,2.99,0.006,20141020
GE,USHBA SOUTH,773,2014,4500,3550,2600,7,4.89,0.001,4.74,0.001,20141020
GE,ZOPKHITO,4557,2014,3780,3193,2605,7,3.6,0.001,2.42,0.001,20141020
GL,AQQUTIKITSOQ,10417,2014,1291,946,529,5,4.05,0.1,2.85,,20140812
GL,QASIGIANNGUIT,4566,2015,1000,860,650,20,1.3,0.1,0.71,0.05,20140806
HM,BROWN,2886,2004,1210,655,75,5,4.8,0.05,,,20040217
IN,ADI KAILASH,3051,2002,5925,4960,4622,20,2.3,0.025,,,20020901
IN,BEAS KUND,3053,2003,4800,3760,3640,20,2.1,0.025,,,20030901
IN,BHAGIRATHI KHARAK,3050,2001,5800,4480,3840,20,17.8,0.025,49.56,,20010999
IN,CHHOTA SHIGRI,2921,2005,6263,5020,4050,10,9,0.2,,,20050920
IN,CHIPA,3048,2001,5930,4020,3527,20,9.95,0.025,4.43,,20010702
IN,GLACIER NO. 30,3052,2003,5090,4560,4020,20,2.2,0.025,,,20030901
IN,HAMTAH,3044,2001,4683,4452,4040,0.5,5.32,0.01,,,20060901
IN,HAMTAH,3044,2003,4683,4452,4040,0.5,5.32,0.01,,,20060901
IN,HAMTAH,3044,2004,4683,4452,4040,0.5,5.32,0.01,,,20060901
IN,HAMTAH,3044,2005,4683,4452,4040,0.5,5.32,0.01,,,20060901
IN,HAMTAH,3044,2006,4683,4452,4040,0.5,5.32,0.01,,,20060901
IN,JHULANG (KHARSA),3046,2001,5200,4480,3920,20,6.2,0.025,,,20010725
IN,JOBRI,3054,2003,5240,4000,3760,20,3,0.025,,,20030901
IN,MEOLA,3047,2001,6040,4000,3430,20,10.3,0.025,,,20010712
IN,NIKARCHU,3049,2002,5995,4840,4560,20,3.9,0.025,,,20020801
IN,PINDARI,3045,2001,6545,5120,3720,20,6.05,0.025,,,20011001
IN,SARA UMGA,3055,2004,6160,,3882,20,15.25,0.025,,,20040901
IS,BREIDAMJOKULL E. B.,3062,2000,1900,1175,20,10,40,2,,,20009999
IS,BRUARJOKULL,3067,2000,1800,1260,590,10,54,2,,,20009999
IS,DYNGJUJOKULL,3068,2000,200,1440,720,10,46,1,,,20009999
IS,EYJABAKKAJOKULL,3069,2000,1565,1130,690,10,15,1,,,20009999
IS,HOFSJOKULL N,3089,2015,1720,1250,875,10,15.3,0.1,73.66,,20151010
IS,HOFSJOKULL SW,3090,2013,1775,1360,750,10,10.7,0.1,49,,20131013
IS,HOFSJOKULL SW,3090,2015,1775,1360,750,10,10.7,0.1,48.75,,20131013
IS,KOLDUKVISLARJ.,3096,2000,2000,1420,870,10,27,2,,,20009999
IS,LANGJOKULL SOUTHERN DOME,3101,2000,1440,1110,430,10,,,,,20009999
IS,TUNGNAARJOKULL,3126,2000,1680,1220,690,10,39,2,,,20009999
IT,ALTA (VEDRETTA) / HOHENF.,632,2005,3350,,2690,10,,,,,20050824
IT,ALTA (VEDRETTA) / HOHENF.,632,2009,3350,,2690,10,,,,,20090823
IT,ANTELAO INFERIORE (OCC.),642,2009,2800,,2340,10,,,,,20090820
IT,ANTELAO SUP.,643,2009,3130,,2510,10,,,,,20090820
IT,AOUILLE,1239,2009,3350,,3080,10,,,,,20090824
IT,AURONA,616,2005,,,2360,10,,,,,20050913
IT,AURONA,616,2009,3385,,2360,10,,,,,20090905
IT,BASEI,611,2009,3320,,2950,10,,,,,20090908
IT,BELVEDERE (MACUGNAGA),618,2005,,,1780,10,,,,,20050904
IT,BELVEDERE (MACUGNAGA),618,2009,4520,,1780,5,,,,,20090910
IT,BESSANESE,1297,2009,3210,,2585,5,,,,,20090901
IT,BRENVA,615,2004,,,2400,10,,,,,20041002
IT,BRENVA,615,2009,4810,,2450,5,,,,,20090914
IT,CALDERONE,1107,2006,2830,2730,2650,10,0.3,0.02,0.036,,20060920
IT,CALDERONE,1107,2007,2830,2730,2650,10,0.3,0.02,0.036,,20060926
IT,CALDERONE,1107,2008,2830,2730,2650,10,0.3,0.02,0.036,,20080917
IT,CALDERONE,1107,2010,2830,2730,2650,10,0.3,0.02,0.036,,20100918
IT,CALDERONE,1107,2012,2830,2730,2650,10,0.3,0.02,0.0355,,20120922
IT,CALDERONE,1107,2013,2830,2730,2650,10,0.3,0.02,0.036,0.0000001,20130914
IT,CALDERONE,1107,2014,2830,2730,2650,10,0.3,0.02,0.036,0.0000001,20140913
IT,CALDERONE,1107,2015,2830,2730,2650,10,0.3,0.02,0.036,0.0000001,20150912
IT,CALDERONE,1107,2016,2830,2730,2650,10,0.3,0.02,0.0215,0.0000001,20160915
IT,CALDERONE,1107,2017,2830,2730,2650,10,0.3,0.002,0.0259,0.0000001,20170909
IT,CAMPO SETT.,1106,2010,3180,,2840,5,1,0.1,,,20070799
IT,CAMPO SETT.,1106,2011,3180,,2840,5,1,0.1,,,20070799
IT,CAMPO SETT.,1106,2012,3200,3000,2845,5,0.8,0.05,0.3,,20120999
IT,CAMPO SETT.,1106,2017,3228,3022,2848,5,0.762,0.05,0.261,,20171011
IT,CAMPO SETT.,1106,2018,3146,3021,2850,5,0.752,0.05,0.23,,20180909
IT,CARESER,635,2006,3277,3059,2869,1,1.746,0.001,2.3989,,20060901
IT,CARESER,635,2009,3277,3077,2875,1,1.678,0.001,1.9252,,20060901
IT,CARESER,635,2010,3278,3079,2881,5,1.6,0.03,1.6,,20100826
IT,CARESER,635,2012,3285,3079,2900,10,1.55,0.03,,,20120916
IT,CARESER,635,2013,3283,3073,2900,0.5,1,0.03,1.58,0.01,20130922
IT,CARESER,635,2015,3297,3076,2911,0.5,1,0.05,1.3484,0.01,20150999
IT,CARESER,635,2017,3271,3076,2938,5,1,0.05,1.14,0.01,20170827
IT,CARESER,635,2018,3268,3077,2949,10,0.95,0.05,0.96,0.01,20180926
IT,CARESER,635,2019,3268,3067,2927,0.5,0.95,0.05,0.96,0.01,20190809
IT,CARESER CENTRALE,3659,2010,3112,3005,2921,5,1.13,0.03,,,20100826
IT,CARESER OCCIDENTALE,3346,2006,3279,3145,3049,1,0.89,0.001,,,20060901
IT,CARESER OCCIDENTALE,3346,2009,3277,3150,3089,1,0.73,0.001,,,20060901
IT,CARESER OCCIDENTALE,3346,2010,3278,3149,3094,5,0.67,0.03,,,20100826
IT,CARESER ORIENTALE,3345,2006,3277,3059,2869,1,1.746,0.001,,,20060901
IT,CARESER ORIENTALE,3345,2009,3274,3069,2875,1,1.678,0.001,,,20060901
IT,CARESER ORIENTALE,3345,2010,3267,3079,2881,5,1.6,0.03,,,20100826
IT,CASPOGGIO,628,2005,,,2715,10,,,,,20050925
IT,CASPOGGIO,628,2009,2985,,2725,5,,,,,20090924
IT,CASSANDRA OR.,1185,2009,3100,,2915,5,,,,,20090905
IT,CASTELLI OR.,1162,2009,3050,,2808,2,,,,,20090906
IT,CEVEDALE FORCOLA / FUERKELEF.,663,2009,3750,,2670,10,,,,,20090823
IT,CEVEDALE PRINCIPALE / ZUFALLF.,662,2009,3700,,2650,10,,,,,20090823
IT,CIAMARELLA,1298,2009,3400,,3095,5,,,,,20090906
IT,CIARDONEY,1264,2009,3130,,2870,5,,1.45,,,20090907
IT,COL DELLA MARE I,1167,2009,3700,,2890,10,,,,,20090912
IT,COLLALTO (VEDR. DI) / HOCHGALL F.,647,2009,3380,,2550,10,,,,,20090927
IT,COLLERIN D'ARNAS,2349,2009,3400,,2950,10,,,,,20090905
IT,COUPE DE MONEY,1271,2009,3600,,2725,10,,,,,20090910
IT,CRODA ROSSA / ROTWANDF.,654,2004,,,2790,5,,,,,20040903
IT,DISGRAZIA,2503,2009,3000,,2620,10,,,,,20091005
IT,DOSEGU,668,2009,3670,,2862,2,,,,,20090913
IT,DZASSET,2372,2009,3750,,2950,10,,,,,20090911
IT,FELLARIA OCC.,627,2005,,,2600,5,,,,,20050831
IT,FOND OCCID.,2380,2009,3000,,2710,10,,,,,20090828
IT,FOND OR.,1243,2009,3300,,2720,10,,,,,20090828
IT,FONTANA BIANCA / WEISSBRUNNF.,1507,2008,3340,,2890,10,,,0.437,,20081007
IT,FONTANA BIANCA / WEISSBRUNNF.,1507,2009,3360,,2867,2,,,0.437,,20090821
IT,FONTANA BIANCA / WEISSBRUNNF.,1507,2012,3350,3160,2890,20,,,,,20121008
IT,FORNI CENTRALE,670,2009,3678,,2510,10,,,,,20090911
IT,FRADUSTA,2273,2009,2936,,2642,2,,,,,20090923
IT,GOLETTA,683,2009,3290,,2760,10,,,,,20090823
IT,GRAN PILASTRO (GHIAC. DEL) / GLIEDERF.,652,2009,3370,,2500,10,,,,,20090919
IT,GRAND CROUX CENTR.,1273,2009,3300,,2560,10,,,,,20090912
IT,GRANDES MURAILLES,622,2005,,,2400,10,,,,,20050923
IT,JUMEAUX,2441,2009,2850,,2680,10,,,,,20090924
IT,LA MARE (VEDRETTA DE),636,2005,,,2610,10,,,,,20050830
IT,LA MARE (VEDRETTA DE),636,2009,3769,,2625,10,,,,,20090830
IT,LA MARE (VEDRETTA DE),636,2018,3587,3221,2771,0.5,2.7,0.05,1.9,0.01,20190809
IT,LA MARE (VEDRETTA DE),636,2019,3587,3221,2771,0.5,2.7,0.05,1.9,0.01,20190809
IT,LANA (VEDR. DI) / AEUSSERES LAHNER KEES,650,2005,,,2260,10,,,,,20050910
IT,LANA (VEDR. DI) / AEUSSERES LAHNER KEES,650,2009,3480,,2310,10,,,,,20090911
IT,LAUSON,1275,2009,3370,,2965,10,,,,,20090909
IT,LAVACCIU,1285,2009,3770,,2810,10,,,,,20090907
IT,LAVASSEY,1242,2009,3130,,2700,10,,,,,20090828
IT,LUNGA (VEDRETTA) / LANGENF.,661,2003,,,2669,2,2.885,0.005,1.937882,0.02,20039999
IT,LUNGA (VEDRETTA) / LANGENF.,661,2004,3390,3100,2670,10,2.9,0.2,,,19970916
IT,LUNGA (VEDRETTA) / LANGENF.,661,2005,3378,3126,2678,2,2.786,0.005,1.833445,0.02,20050999
IT,LUNGA (VEDRETTA) / LANGENF.,661,2006,3377,3128,2679,2,2.739,0.005,1.820734,0.02,20069999
IT,LUNGA (VEDRETTA) / LANGENF.,661,2008,3375,3131,2678,2,2.648,0.005,1.753633,0.02,20089999
IT,LUNGA (VEDRETTA) / LANGENF.,661,2009,3390,,2670,10,,,1.776,,20090822
IT,LUNGA (VEDRETTA) / LANGENF.,661,2010,3390,,2700,10,2.35,0.02,,,20101009
IT,LUNGA (VEDRETTA) / LANGENF.,661,2011,3373,3138,2706,2,2.523,0.005,1.659169,0.02,20111004
IT,LUNGA (VEDRETTA) / LANGENF.,661,2012,3371,3140,2705,2,2.489,0.005,1.619694,0.02,20129999
IT,LUNGA (VEDRETTA) / LANGENF.,661,2013,3371,3143,2711,2,2.44,0.005,1.599671,0.02,20130922
IT,LUPO,1138,2010,2760,,2435,5,0.7,0.1,,,20070799
IT,LUPO,1138,2011,2760,,2435,5,0.7,0.1,,,20070799
IT,LUPO,1138,2012,2760,2565,2435,5,0.7,0.05,0.2,,20120999
IT,LYS,620,2009,4530,,2355,5,,,,,20090927
IT,MALAVALLE (VEDR. DI) / UEBELTALF.,672,2006,3470,,2550,10,4.29,0.001,,,20069999
IT,MALAVALLE (VEDR. DI) / UEBELTALF.,672,2009,3470,,2530,5,,,,,20091003
IT,MALAVALLE (VEDR. DI) / UEBELTALF.,672,2010,3450,3001,2528,10,4.2,0.01,,,20100912
IT,MALAVALLE (VEDR. DI) / UEBELTALF.,672,2011,3450,3001,2528,10,4.2,0.01,,,20110917
IT,MALAVALLE (VEDR. DI) / UEBELTALF.,672,2012,3470,3007,2565,10,4.01,0.01,6.02,0.01,20129999
IT,MALAVALLE (VEDR. DI) / UEBELTALF.,672,2013,3470,3007,2560,10,4.02,0.01,6.02,0.01,20129999
IT,MALAVALLE (VEDR. DI) / UEBELTALF.,672,2014,3470,3007,2560,10,4.02,0.01,6.02,0.01,20129999
IT,MALAVALLE (VEDR. DI) / UEBELTALF.,672,2017,3470,3007,2570,10,4,0.01,6.02,0.01,20129999
IT,MALAVALLE (VEDR. DI) / UEBELTALF.,672,2018,3470,3007,2585,10,4,0.01,6.02,0.01,20129999
IT,MARMOLADA CENTR.,676,2005,,,2590,10,,,,,20050908
IT,MARMOLADA CENTR.,676,2009,3340,,2720,10,,,,,20090828
IT,MAROVIN,2547,2009,2450,,2060,10,,,,,20090927
IT,MARTELOT,1301,2009,2860,,2450,10,,,,,20090814
IT,MONCIAIR,1237,2009,3230,,2850,10,,,,,20090905
IT,MONCORVE,1236,2009,3642,,2900,10,,,,,20090906
IT,MONEY,1272,2009,3600,,2515,10,,,,,20090910
IT,MULINET MERID.,2351,2009,3010,,2535,10,,,,,20090813
IT,MULINET SETT.,1300,2009,2920,,2690,10,,,,,20090813
IT,NEVES OR. (GHIAC. DI) / NOEFESF. OESTL.,651,2004,,,2600,5,,,,,20040827
IT,NEVES OR. (GHIAC. DI) / NOEFESF. OESTL.,651,2009,3300,,2655,10,,,,,20091007
IT,PENDENTE (VEDR.) / HANGENDERF.,675,2006,2972,2777,2635,1,1.56,0.01,,,20069999
IT,PENDENTE (VEDR.) / HANGENDERF.,675,2008,2950,2780,2625,10,1.33,0.01,0.85,0.01,20089999
IT,PENDENTE (VEDR.) / HANGENDERF.,675,2009,3110,,2625,5,,,,,20091003
IT,PENDENTE (VEDR.) / HANGENDERF.,675,2010,2950,2778,2630,10,1.36,0.01,,,20100912
IT,PENDENTE (VEDR.) / HANGENDERF.,675,2011,2950,2778,2630,10,1.36,0.01,,,20110917
IT,PENDENTE (VEDR.) / HANGENDERF.,675,2013,2980,2750,2625,10,1.35,0.01,0.85,0.01,20129999
IT,PENDENTE (VEDR.) / HANGENDERF.,675,2014,2980,2785,2625,10,1.35,0.01,0.85,0.01,20089999
IT,PENDENTE (VEDR.) / HANGENDERF.,675,2017,2950,2780,2625,10,1.3,0.01,0.85,0.01,20089999
IT,PENDENTE (VEDR.) / HANGENDERF.,675,2018,2950,2780,2625,10,1.3,0.01,0.85,0.01,20089999
IT,PIODE,619,2005,,,2500,10,,,,,20050923
IT,PIODE,619,2009,4436,,3470,10,,,,,20081006
IT,PISGANA OCC.,666,2009,3320,,2570,10,,,,,20090901
IT,PIZZO FERRE,1181,2009,2990,,2700,10,,,,,20091011
IT,PIZZO SCALINO,1187,2009,3100,,2585,5,,,,,20090902
IT,PRE DE BAR,681,2005,,,2081,1,,,,,20050812
IT,PRE DE BAR,681,2009,3750,,2089,1,,,,,20090812
IT,PREDAROSSA,1182,2009,3400,,2625,5,,,,,20090927
IT,QUAIRA BIANCA (VEDR. DELLA) / WEISSKARF.,686,2009,3509,,2605,5,,,,,20090919
IT,RIES OCC. (VEDR. DI) / RIESERF. WESTL.,645,2009,3300,,2610,5,,,,,20090926
IT,RIES OCC. (VEDR. DI) / RIESERF. WESTL.,645,2012,3220,3000,2660,20,,,,,20121004
IT,RIES OR. CENTR. / RIESERF. OESTL. ZENTR.,646,2009,3265,,2535,5,,,,,20090927
IT,ROSIM (VEDR. DI) / ROSIMF.,610,2009,3405,,2940,10,,,,,20090905
IT,ROSSO DESTRO,648,2005,,,2560,10,,,,,20050908
IT,ROSSO DESTRO,648,2009,3285,,2520,10,,,,,20090909
IT,RUTOR,612,2009,3460,,2480,10,,,,,20090905
IT,SCERSCEN INFERIORE,1186,2009,3400,,2645,10,,,,,20091001
IT,SCERSCEN SUP. (LOBO OR.),2511,2009,3600,,2758,5,,,,,20090907
IT,SEA,1299,2009,3020,,2710,10,,,,,20090910
IT,SFORZELLINA,667,2009,3120,,2795,5,,,,,20090820
IT,SISSONE,2506,2009,3100,,2625,5,,,,,20090817
IT,SOCHES TSANTELEINA,1244,2009,3450,,2720,10,,,,,20090828
IT,SURETTA MERID.,2488,2009,2890,,2700,10,,,,,20090920
IT,SURETTA MERID.,2488,2010,2925,,2685,5,0.8,0.1,,,20070799
IT,SURETTA MERID.,2488,2011,2925,,2685,5,0.8,0.1,,,20070799
IT,SURETTA MERID.,2488,2012,2925,2770,2688,5,0.7,0.05,0.16,,20120899
IT,SURETTA MERID.,2488,2017,2908,2774,2688,5,0.462,0.05,0.13295,,20171014
IT,TIMORION,1282,2015,3485,3275,3150,2,0.85,0.0005,0.447,0.01,20150915
IT,TORRENT,2384,2009,3100,,2660,10,,,,,20090815
IT,TOULES,614,2004,,,2661,1,,,,,20040828
IT,TOULES,614,2009,3500,,2679,2,,,,,20090809
IT,TRESERO LINGUA MER.,2537,2005,,,3020,10,,,,,20050924
IT,TRIBOLAZIONE,1274,2009,3870,,2785,10,,,,,20090911
IT,VALLE DEL VENTO,649,2009,3050,,2445,10,,,,,20090910
IT,VALTOURNANCHE,621,2009,3695,,3000,10,,,,,20090819
IT,VENEROCOLO,665,2009,3280,,2570,10,,,,,20090913
IT,VENTINA,629,2005,,,2225,10,,,,,20050917
IT,VENTINA,629,2009,3500,,2230,10,,,,,20090916
IT,VERRA (GRANDE DI),1206,2009,4000,,2614,5,,,,,20090927
KE,LEWIS,695,2010,4871,4804,4651,1,0.58,0.01,0.105,,20100301
KG,ABRAMOV,732,2012,4918,4232,3655,50,7.8,0.3,24.0601,1.2,20120822
KG,ABRAMOV,732,2013,4918,4232,3659,50,7.8,0.3,24.0061,1.2,20130815
KG,ABRAMOV,732,2014,4918,4232,3659,50,,,24.0061,1.2,20140818
KG,ABRAMOV,732,2015,4918,4231,3659,50,,,23.9,1.2,20150827
KG,ABRAMOV,732,2016,4918,4231,3659,50,,,23.9,1.2,20150827
KG,BATYSH SOOK/SYEK ZAPADNIY,781,2005,4450,4175,3930,50,2.4,0.1,,,20059999
KG,BATYSH SOOK/SYEK ZAPADNIY,781,2011,4471,4213,3936,50,2.27,0.227,1.13,0.1,20110820
KG,BATYSH SOOK/SYEK ZAPADNIY,781,2012,4471,4213,3936,50,2.23,0.223,1.13,0.1,20120827
KG,BATYSH SOOK/SYEK ZAPADNIY,781,2013,4471,4215,3941,50,2.21,0.221,1.12,0.1,20130826
KG,BATYSH SOOK/SYEK ZAPADNIY,781,2014,4471,4217,3944,50,2.19,0.219,1.11,0.1,20140829
KG,BATYSH SOOK/SYEK ZAPADNIY,781,2015,4471,4217,3944,50,2.12,0.212,1.11,0.1,20158006
KG,BATYSH SOOK/SYEK ZAPADNIY,781,2016,4471,4217,3944,50,2.12,0.212,1.11,0.1,20160913
KG,BATYSH SOOK/SYEK ZAPADNIY,781,2017,4471,4217,3944,50,2.12,0.212,1.11,0.1,20170915
KG,BATYSH SOOK/SYEK ZAPADNIY,781,2018,4471,4217,3944,50,2.12,0.212,1.01,0.1,20180901
KG,BORDU,829,2016,4706,4227,3860,10,4.61,0.01,4.957,0.001,20160829
KG,BORDU,829,2017,4730,4231,3880,10,4.61,0.01,4.914,0.001,20160829
KG,BORDU,829,2018,4730,4231,3880,10,4.61,0.01,4.914,0.001,20160829
KG,BORDU,829,2019,4730,4231,3880,10,4.61,0.01,4.914,0.001,20170905
KG,GLACIER NO. 354 (AKSHIYRAK),3889,2011,4679,4166,3746,50,4.4,0.2,6.4732,0.05,20110817
KG,GLACIER NO. 354 (AKSHIYRAK),3889,2012,4680,4170,3750,10,4.5,0.2,6.28,0.314,20120729
KG,GLACIER NO. 354 (AKSHIYRAK),3889,2013,4679,4168,3752,10,4.4,0.2,6.42,0.05,20130825
KG,GLACIER NO. 354 (AKSHIYRAK),3889,2014,4680,4170,3760,10,4.4,0.2,6.41,0.32,20140827
KG,GLACIER NO. 354 (AKSHIYRAK),3889,2015,4679,4168,3760,50,,,,,
KG,GLACIER NO. 354 (AKSHIYRAK),3889,2016,4679,4168,3759,50,,,,,
KG,GLACIER NO. 354 (AKSHIYRAK),3889,2017,4679,4168,3759,50,,,6.3828,0.63828,20170909
KG,GLACIER NO. 354 (AKSHIYRAK),3889,2018,4679,4168,3759,50,,,6.3828,0.63828,20180901
KG,GLACIER NO. 599 (KJUNGEI ALA-TOO) ,10402,2015,4300,4034,3738,50,2.1,0.1,1.53,,
KG,GLACIER NO. 599 (KJUNGEI ALA-TOO) ,10402,2016,4300,4015,3738,50,2.1,0.1,1.53,,20160814
KG,GOLUBIN,753,2011,4350,3945,3352,50,4.8,0.1,5.468,0.1,20139999
KG,GOLUBIN,753,2012,4350,3835,3275,50,4.7,0.1,5.466,0.1,20139999
KG,GOLUBIN,753,2013,4350,3795,3338,50,4.7,0.1,5.4516,0.1,20139999
KG,GOLUBIN,753,2014,4350,3825,3301,50,4.7,0.1,5.4472,0.1,20139999
KG,GOLUBIN,753,2015,4350,3837,3325,50,4.7,0.1,5.4436,0.1,20139999
KG,GOLUBIN,753,2016,4350,3825,3325,50,4.7,0.1,5.4436,0.1,20139999
KG,GOLUBIN,753,2017,4350,3925,3325,50,4.7,0.1,5.454,0.1,20139999
KG,GOLUBIN,753,2018,4350,3925,3325,50,4.7,0.1,5.454,0.1,20139999
KG,KARA-BATKAK,813,2015,4829,,3376,10,4,0.05,2.739,0.001,20150726
KG,KARA-BATKAK,813,2016,4829,3924,3275,10,3.21,0.005,2.5,0.001,20160909
KG,KARA-BATKAK,813,2017,4770,3922,3360,10,3.21,0.005,2.467,0.001,20160909
KG,KARA-BATKAK,813,2018,4770,3922,3360,10,3.21,0.005,2.467,0.001,20160909
KG,KARA-BATKAK,813,2019,4770,3922,3360,10,3.21,0.005,2.467,0.001,20160909
KG,SARY TOR (NO.356),805,2015,4800,,3950,25,4,0.1,2.648,0.001,20150705
KG,SARY TOR (NO.356),805,2016,4800,4332,3950,10,4.05,0.01,2.648,0.001,20160828
KG,SARY TOR (NO.356),805,2017,4760,4288,3930,10,4.05,0.01,2.644,0.001,20160828
KG,SARY TOR (NO.356),805,2018,4760,4288,3930,10,4.05,0.01,2.644,0.001,20160828
KG,SARY TOR (NO.356),805,2019,4760,4288,3930,10,4.05,0.01,2.644,0.001,20170905
KZ,TS.TUYUKSUYSKIY,817,2016,4219,3822,3488,10,2.548,0.0005,2.266,0.01,20160825
KZ,TS.TUYUKSUYSKIY,817,2017,4219,3824,3491,10,2.522,0.0005,2.256,0.01,20170825
KZ,TS.TUYUKSUYSKIY,817,2018,4219,3825,3494,10,2.508,0.0005,2.248,0.01,20180831
NO,AALFOTBREEN,317,2010,1368,,890,1,,,3.97,0.1,20100902
NO,AUSTDALSBREEN,321,2009,1747,1495,1200,1,,,10.629,0.1,20091017
NO,BLOMSTOELSKARDSBREEN,3339,2007,1636,,1013,1,,,22.76624,0.2,20070822
NO,BLOMSTOELSKARDSBREEN,3339,2013,1632,1505,1012,1,,,22.4033,0.2,20130920
NO,BREIDABLIKKBREA,2671,2007,1651,,1234,1,,,3.37,0.1,20070822
NO,BREIDABLIKKBREA,2671,2013,1648,1500,1232,1,3.8,,3.22,0.1,20130920
NO,ENGABREEN,298,2008,1574,,89,1,,,38.74,0.2,20080902
NO,FROSTISEN,4505,2001,1377,1244,1144,15,1,0.1,0.34,0.0102,20010820
NO,GRAAFJELLSBREA,1320,2007,1651,,1049,1,,,8.411534,0.1,20080902
NO,GRAAFJELLSBREA,1320,2013,1647,1500,1049,1,5,,8.1,0.1,20130920
NO,GRAASUBREEN,299,2009,2284,2085,1833,1,2.3,,2.12,0.1,20091017
NO,HANSEBREEN,322,2010,1310,1150,927,1,2.5,,2.75,0.1,20100902
NO,HELLSTUGUBREEN,300,2009,2229,,1482,1,,,2.9,0.1,20091017
NO,ILLSTIGBREEN,4506,2006,1861,1474,1290,15,,,0.98,0.0294,20060916
NO,JUVFONNE,3661,2003,1864,1886,1836,10,0.4,0.1,0.15,0.015,20130809
NO,JUVFONNE,3661,2011,1986,,1841,2,0.335,0.07,0.126515,0.0037954,20110917
NO,LANGFJORDJOEKELEN,323,2008,1050,,302,1,4.2,0.05,3.214473,0.1,20080902
NO,MJOELKEDALSBREEN,4508,2003,1937,1741,1384,15,3.28,0.15,3.21,0.0963,20030809
NO,NIGARDSBREEN,290,2009,1952,1627,330,1,9.6,,46.6,0.2,20091017
NO,REINVIKISEN,4507,2001,1099,985,885,15,,,0.13,0.0039,20010820
NO,REMBESDALSKAAKA,2296,2010,1854,1735,1066,1,,,17.264,0.1,20100930
NO,RUNDVASSBREEN,2670,2011,1525,1265,835,1,,,10.93635,0.1,20110918
NO,SAUANUTBREEN,4509,2002,1585,1379,1056,15,,,7.65,0.2295,20020913
NO,STORBREEN,302,2009,2102,1775,1400,1,2.93,0.005,5.14,0.1,20091017
NO,STRUPBREEN,4510,2001,1509,854,481,15,,,9.51,0.2853,20010820
NO,STYGGEBREAN,4504,2003,2415,2034,1665,15,4,0.1,4.92,0.15,20030809
NO,SVARTENUTBREEN,4511,2002,1602,1478,1162,15,,,7.13,0.2139,20020913
NO,SVELGJABREEN,3343,2007,1636,,832,1,,,22.45164,0.2,20070822
NO,SVELGJABREEN,3343,2013,1632,1375,829,1,,,22.35,0.2,20130920
NO,TYSTIGBREEN,4514,2006,1795,1644,1461,15,,,2.77,0.0831,20060916
NO,VINNUFONNA,4513,2003,1690,1465,1169,15,,,1.16,0.0348,20030809
NP,AX010,906,2004,5302,,4968,12,,,,,20041199
NP,MERA,3996,2012,6420,5615,4940,10,4.55,0.05,5.054,0.01,20121125
NP,POKALDE,3997,2011,5660,5580,5430,10,0.47,0.01,0.089,0.001,20110104
NP,RIKHA SAMBA,1516,2007,6229,,5346,12,,,,,20071299
NP,RIKHA SAMBA,1516,2011,6515,5826,5416,5,5.4,0.015,5.7,0.005,20110913
NP,ROLWALING (TRAKARDING),3672,2009,,,4548,0.5,,,,,20090911
NP,THULAGI,1535,2009,,,4084,1,5.38,,,,20090723
NP,WEST CHANGRI NUP,10401,2013,5690,5507,5330,10,1.37,0.05,0.92,0.003,20131129
NP,YALA,912,2003,5642,,5086,12,,,,,20031099
NP,YALA,912,2012,5661,5372,5168,2,1.4,0.015,1.61,0.003,20120508
NZ,ROLLESTON,1538,2010,1900,,1727,5,,,0.11225,,20100305
NZ,ROLLESTON,1538,2011,1900,,1727,5,,,0.1121,,20110312
PE,ARTESONRAJU,3292,2005,5600,5000,4705,10,3.36,0.5,,,20060824
PE,ARTESONRAJU,3292,2010,5600,5070,4700,10,3.448,0.5,,,20101102
PE,ARTESONRAJU,3292,2012,5600,,4720,10,3.28,0.005,,,20120927
PE,ARTESONRAJU,3292,2013,6050,5332,4685,10,3.54,0.0005,5.39,0.01,20130822
PE,ARTESONRAJU,3292,2017,5400,5050,4700,10,3.4,0.0005,3.58,0.01,
PE,BROGGI,220,2000,5000,4845,4725,10,0.464,0.02,,,20000823
PE,BROGGI,220,2001,5000,4852,4727,10,0.457,0.02,,,20011207
PE,BROGGI,220,2003,5000,4856,4730,10,0.443,0.02,,,20031209
PE,BROGGI,220,2004,5000,4867,4734,10,0.421,0.02,,,20041025
PE,GAJAP-YANACARCO,223,2003,5200,5027,4952,10,0.819,0.02,,,20031201
PE,GAJAP-YANACARCO,223,2004,5200,5030,4955,10,0.803,0.02,,,20041018
PE,GAJAP-YANACARCO,223,2005,5200,5033,4958,10,0.789,0.02,,,20050912
PE,PASTORURI,224,2000,5100,5081,5036,10,0.439,0.02,,,20000418
PE,PASTORURI,224,2001,5100,5084,5040,10,0.389,0.02,,,20010831
PE,PASTORURI,224,2003,5100,5087,5051,10,0.362,0.02,,,20031201
PE,PASTORURI,224,2004,5100,5090,5054,10,0.343,0.02,,,20041020
PE,PASTORURI,224,2005,5100,5095,5061,10,0.31,0.02,,,20050914
PE,SHALLAP,3293,2005,5974,4873,4765,10,2.86,0.3,,,20060922
PE,SHULLCON,3294,2002,5600,5161,5001,10,2.34,0.2,,,20021015
PE,SHULLCON,3294,2003,5600,5162,5002,10,2.33,0.2,,,20031024
PE,SHULLCON,3294,2005,5600,5163,5003,10,2.3,0.2,,,20050916
PE,URUASHRAJU,221,2000,5650,4990,4678,10,2.094,,,,20001122
PE,URUASHRAJU,221,2001,5650,4995,4681,10,2.078,,,,20010619
PE,URUASHRAJU,221,2002,5650,4999,4683,10,2.062,,,,20020820
PE,URUASHRAJU,221,2003,5650,5002,4685,10,2.05,,,,20030909
PE,URUASHRAJU,221,2004,5650,5004,4687,10,2.041,,,,20041013
PE,URUASHRAJU,221,2005,5650,5006,4689,10,2.034,,,,20050928
PE,YANAMAREY,226,2000,4950,4811,4702,10,0.929,0.02,,,20001115
PE,YANAMAREY,226,2001,4950,4813,4705,10,0.92,0.02,,,20010622
PE,YANAMAREY,226,2002,4950,4816,4714,10,0.889,0.2,,,20020717
PE,YANAMAREY,226,2003,4950,4820,4719,10,0.861,0.2,,,20030902
PE,YANAMAREY,226,2004,4950,4825,4732,10,0.829,0.2,,,20041006
PE,YANAMAREY,226,2005,5150,4839,4760,10,0.72,0.2,,,20050908
PE,YANAMAREY,226,2010,5150,4875,4666,10,0.813,0.2,,,20101102
PE,YANAMAREY,226,2012,4980,,4690,10,0.76,0.005,,,20121003
PE,YANAMAREY,226,2013,5200,4961,4722,10,1.33,0.0005,0.6,0.01,20130711
PL,MIEGUSZOWIECKIE,903,2001,,,1970,5,,,,,20011002
PL,POD CUBRYNA,902,2001,,,2103,5,,,,,20011003
PL,POD CUBRYNA,902,2005,,,2092,5,,,,,20051011
RU,DJANKUAT,726,2016,3729,3280,2722,1,3.4,0.1,2.688,0.001,20160999
RU,DJANKUAT,726,2019,3670,,2738,1,,,2.301,0.001,20190920
RU,LEVIY AKTRU,794,2019,3984,3293,2603,1,5.64,0.01,5.36,0.02,20190808
SE,HYLLGLACIAEREN,344,2014,1820,,1360,10,2.1,0.05,1.06,0.01,20080901
SE,ISFALLSGLACIAEREN,333,2014,1700,,1250,10,1.9,0.05,1.22,0.01,20080901
SE,KARSOJIETNA,330,2014,1500,,960,10,1.6,0.05,0.94,0.01,20080901
SE,KASKASATJ SE,329,2014,1890,,1440,10,1,0.05,0.49,0.01,20080901
SE,MARMAGLACIAEREN,1461,2014,1740,,1340,10,3.3,0.05,3.36,0.01,20080901
SE,MIKKAJEKNA,338,2014,1825,,1000,10,3.7,0.05,6.87,0.01,20080901
SE,PARTEJEKNA,327,2014,1800,,1100,10,4.8,0.05,9.48,0.01,20080901
SE,PASSUSJIETNA E,331,2014,1630,,1270,10,1.5,0.05,0.89,0.01,20080901
SE,PASSUSJIETNA W,345,2014,1750,,1270,10,2.1,0.05,1.35,0.01,20080901
SE,RABOTS GLACIAER,334,2014,1930,,1090,10,3.7,0.05,3.51,0.01,20080901
SE,RIUKOJIETNA,342,2014,1450,,1130,10,2.3,0.05,3.52,0.01,20080901
SE,RUOPSOKJEKNA,340,2014,1760,,1150,10,3.4,0.05,3.15,0.01,20080901
SE,RUOTESJEKNA,337,2014,1600,,1050,10,3.9,0.05,4.58,0.01,20080901
SE,SALAJEKNA,341,2014,1580,,900,10,8.6,0.05,27.93,0.01,20080901
SE,STORGLACIAEREN,332,2014,1720,,1140,10,3.4,0.05,3.09,0.01,20080901
SE,STOUR RAEITAGLACIAEREN,335,2014,1690,,1270,10,1.9,0.05,1.57,0.01,20080901
SE,SUOTTASJEKNA,336,2014,1800,,1130,10,3.7,0.05,7.25,0.01,20080901
SE,TARFALAGLACIAEREN,326,2014,1710,,1390,10,0.7,0.05,0.96,0.01,20080901
SE,UNNA RAEITA GLACIAEREN,343,2014,1720,,1330,10,1.7,0.05,1.56,0.01,20080901
SE,VARTASJEKNA,339,2014,1800,,1300,10,3.3,0.05,4.23,0.01,20080901
SI,TRIGLAVSKI LEDENIK,3662,2010,2510,2460,2410,1,0.16,0.01,,,20100915
SJ,AUSTRE LOVENBREEN,3812,2008,550,318,86,10,3.901,0.0005,4.558,,20081002
SJ,AUSTRE LOVENBREEN,3812,2009,550,320,89,10,3.867,0.0005,4.544,,20090930
SJ,AUSTRE LOVENBREEN,3812,2010,550,320,91,10,3.802,0.0005,4.532,,20101001
SJ,AUSTRE LOVENBREEN,3812,2011,550,324,97,10,3.772,0.0005,4.511,,20110929
SJ,AUSTRE LOVENBREEN,3812,2012,550,325,100,10,3.761,0.0005,4.498,,20120927
SJ,AUSTRE LOVENBREEN,3812,2013,550,324,99,10,3.73,0.0005,,,20131002
SJ,AUSTRE LOVENBREEN,3812,2014,550,326,101,10,3.702,0.0005,,,20141001
SJ,AUSTRE LOVENBREEN,3812,2015,550,326,103,10,3.7,0.0005,,,20151001
SJ,AUSTRE LOVENBREEN,3812,2016,550,326,102,10,3.69,0.0005,,,20160929
SJ,AUSTRE LOVENBREEN,3812,2017,550,327,104,10,3.69,0.0005,,,20170930
SJ,AUSTRE LOVENBREEN,3812,2018,550,326,103,10,3.8,0.0005,,,20181002
SJ,WERENSKIOLDBREEN,305,2010,750,,40,12,8.75,0.2,,,20100810
SJ,WERENSKIOLDBREEN,305,2012,750,,40,12,8.75,0.002,,,20100810
SJ,WERENSKIOLDBREEN,305,2013,750,,40,12,8.75,0.2,27.11,0.1,20130515
SJ,WERENSKIOLDBREEN,305,2014,750,,40,12,8.75,0.2,27.11,0.1,20140901
SJ,WERENSKIOLDBREEN,305,2015,750,,40,12,8.75,0.2,27.11,0.1,20150920
SJ,WERENSKIOLDBREEN,305,2016,750,,40,12,8.75,0.2,27.11,0.1,20150920
SJ,WERENSKIOLDBREEN,305,2017,750,,40,12,8.75,0.2,27.11,0.1,20170422
SJ,WERENSKIOLDBREEN,305,2018,750,,40,12,8.75,0.2,27.11,0.1,20180421
US,BOULDER,1364,2006,3230,2230,1550,10,3.58,0.02,,,20060804
US,COLUMBIA (2057),76,2006,1750,1600,1450,10,1.56,0.01,,,20060730
US,COLUMBIA (2057),76,2008,1750,1600,1450,10,1.54,0.01,,,20080731
US,COLUMBIA (2057),76,2009,1750,1600,1450,10,1.53,0.01,,,20090904
US,DANIELS,83,2006,2300,2200,1970,10,0.6,0.01,,,20060810
US,DANIELS,83,2008,2300,2200,1970,10,0.6,0.01,,,20080810
US,DANIELS,83,2009,2300,2200,1990,10,0.55,0.01,,,20090816
US,DEMING,1368,2007,3230,2250,1340,10,5.17,0.02,,,20070802
US,EASTON,1367,2006,2900,2200,1700,10,4.04,0.01,,,20060803
US,EASTON,1367,2008,2900,2200,1710,10,3.98,0.01,,,20080803
US,EASTON,1367,2009,2900,2200,1710,10,3.97,0.01,,,20090806
US,FOSS,84,2006,2125,2000,1840,10,0.64,0.01,,,20060811
US,FOSS,84,2008,2125,2000,1840,10,0.54,0.01,,,20090814
US,GULKANA,90,2013,2443,,1198,10,,,16.5,0.2,
US,GULKANA,90,2015,2459,,1217,10,,,16.3,0.2,20150906
US,GULKANA,90,2018,2459,,1217,10,,,15.6,,20189999
US,ICE WORM,82,2006,2100,2010,1900,10,0.48,0.01,,,20061010
US,ICE WORM,82,2008,2100,2010,1900,10,0.48,0.01,,,20080810
US,ICE WORM,82,2009,2100,2010,1900,10,0.46,0.01,,,20090814
US,LEMON CREEK,3334,2006,1400,1100,820,10,5.94,0.05,,,20069999
US,LEMON CREEK,3334,2016,1494,,663,10,6.1,,10.2,0.2,20160828
US,LEMON CREEK,3334,2018,1494,,663,10,6.1,,9.7,,20180902
US,LOWER CURTIS,77,2006,1850,1625,1470,10,0.75,0.01,,,20060610
US,LOWER CURTIS,77,2008,1850,1625,1470,10,0.75,0.01,,,20080808
US,LOWER CURTIS,77,2009,1850,1630,1475,10,0.72,0.01,,,20090807
US,LYMAN,3340,2008,2040,1950,1830,10,0.51,0.01,,,20080810
US,LYNCH,81,2006,2300,2185,1950,10,1.02,0.01,,,20061110
US,LYNCH,81,2008,2300,2185,1950,10,1.02,0.01,,,20080811
US,LYNCH,81,2009,2300,2185,1980,10,0.99,0.01,,,20090815
US,MCCALL,1388,2000,,,1348,3,,,,,20000916
US,RAINBOW,79,2006,2040,1750,1340,10,1.92,0.02,,,20060805
US,RAINBOW,79,2008,2040,1750,1340,10,1.92,0.02,,,20080805
US,RAINBOW,79,2009,2040,1750,1340,10,1.92,0.02,,,20090809
US,SHOLES,3295,2006,1960,1820,1690,10,0.94,0.01,,,20060804
US,SHOLES,3295,2008,1960,1820,1690,10,0.94,0.01,,,20080806
US,SHOLES,3295,2009,1960,1820,1690,10,0.94,0.01,,,20090808
US,SILVER,1665,2004,2705,2405,2106,5,0.925,0.05,,,20041003
US,SOUTH CASCADE,205,2000,2100,1920,1635,5,2,,1.95,,20001005
US,SOUTH CASCADE,205,2001,2150,1920,1632,10,2.7,,2.2,,20010920
US,SOUTH CASCADE,205,2002,2150,1920,1632,10,,,1.92,,20020913
US,SOUTH CASCADE,205,2003,2150,1920,1633,10,,,1.89,,20030913
US,SOUTH CASCADE,205,2004,2150,1920,1633,10,2.6,,2.1,,20040910
US,SOUTH CASCADE,205,2005,2150,1920,1633,10,,,1.75,,20050921
US,SOUTH CASCADE,205,2006,2150,1920,1633,10,,,1.74,,20060928
US,SOUTH CASCADE,205,2007,2150,1920,1633,10,,,1.73,,20070926
US,SOUTH CASCADE,205,2008,2150,1920,1634,10,2.6,,2,,20080916
US,SOUTH CASCADE,205,2009,2150,1920,1634,10,,,2,,20090913
US,SOUTH CASCADE,205,2010,2150,1920,1634,10,,,,,20100914
US,SOUTH CASCADE,205,2013,2165,,1620,1,3,0.002,1.73,,20130914
US,SOUTH CASCADE,205,2014,2165,,1624,1,2.98,0.002,1.68,,20141108
US,SOUTH CASCADE,205,2015,2135,,1626,1,2.4,,1.8,,20151014
US,SOUTH CASCADE,205,2018,2135,,1626,10,,,1.9,,20189999
US,SPERRY,218,2005,2800,2424,2250,10,1.3,,0.9,,20050826
US,SPERRY,218,2007,2793,2434,2261,10,1.23,0.01,0.84,0.01,
US,SPERRY,218,2009,2806,2443,2273,10,1.23,0.01,0.84,0.01,
US,SPERRY,218,2013,2789,2430,2261,10,1.21,0.01,0.82,0.01,
US,SPERRY,218,2015,2789,2430,2261,10,,,0.78,0.01,
US,SQUAK,1366,2006,2940,2250,1750,10,2.9,0.02,,,20060805
US,TAKU,124,2006,2000,1200,0,20,58.1,0.1,,,20069999
US,WOLVERINE,94,2013,1652,,423,10,,,16,,
US,WOLVERINE,94,2014,1672,,436,10,,,16,0.2,20140907
US,WOLVERINE,94,2015,1672,,436,10,6.4,,15.9,0.2,20150815
US,WOLVERINE,94,2016,1672,,436,10,6.3,,15.9,0.2,20160916
US,YAWNING,75,2006,2100,1970,1880,10,0.65,0.01,,,20060908
US,YAWNING,75,2008,2100,1970,1880,10,0.65,0.01,,,20080806
